{
  "config": {
    "train": "data/eval/train_split.jsonl",
    "test": "data/eval/test_split.jsonl",
    "bench": "data/eval/snaffler_blind_benchmark.jsonl",
    "seeds": [
      2026,
      8472,
      31337,
      42,
      1729
    ],
    "lgbm_base_params": {
      "n_estimators": 300,
      "learning_rate": 0.05,
      "num_leaves": 31,
      "class_weight": "balanced",
      "verbose": -1
    },
    "config_overrides": {
      "deterministic": {},
      "stochastic": {
        "bagging_fraction": 0.8,
        "feature_fraction": 0.8,
        "bagging_freq": 1
      }
    },
    "calibration": "isotonic_cv5"
  },
  "per_seed_per_config": {
    "deterministic": [
      {
        "seed": 2026,
        "train_seconds": 9.021145820617676,
        "test": {
          "pr_auc": 0.8390821624889448,
          "roc_auc": 0.9907362848893166,
          "brier_score": 0.00984627938980029,
          "best_f1": 0.7666666661666667,
          "fixed_f1_at_0p5": 0.7169811320754716
        },
        "bench": {
          "pr_auc": 0.9731032382267742,
          "roc_auc": 0.9697760000000001,
          "brier_score": 0.2299919392523245,
          "best_f1": 0.9178356708426872,
          "fixed_f1_at_0p5": 0.5632183908045977
        }
      },
      {
        "seed": 8472,
        "train_seconds": 8.969920635223389,
        "test": {
          "pr_auc": 0.8390821624889448,
          "roc_auc": 0.9907362848893166,
          "brier_score": 0.00984627938980029,
          "best_f1": 0.7666666661666667,
          "fixed_f1_at_0p5": 0.7169811320754716
        },
        "bench": {
          "pr_auc": 0.9731032382267742,
          "roc_auc": 0.9697760000000001,
          "brier_score": 0.2299919392523245,
          "best_f1": 0.9178356708426872,
          "fixed_f1_at_0p5": 0.5632183908045977
        }
      },
      {
        "seed": 31337,
        "train_seconds": 9.058193683624268,
        "test": {
          "pr_auc": 0.8390821624889448,
          "roc_auc": 0.9907362848893166,
          "brier_score": 0.00984627938980029,
          "best_f1": 0.7666666661666667,
          "fixed_f1_at_0p5": 0.7169811320754716
        },
        "bench": {
          "pr_auc": 0.9731032382267742,
          "roc_auc": 0.9697760000000001,
          "brier_score": 0.2299919392523245,
          "best_f1": 0.9178356708426872,
          "fixed_f1_at_0p5": 0.5632183908045977
        }
      },
      {
        "seed": 42,
        "train_seconds": 8.871708631515503,
        "test": {
          "pr_auc": 0.8390821624889448,
          "roc_auc": 0.9907362848893166,
          "brier_score": 0.00984627938980029,
          "best_f1": 0.7666666661666667,
          "fixed_f1_at_0p5": 0.7169811320754716
        },
        "bench": {
          "pr_auc": 0.9731032382267742,
          "roc_auc": 0.9697760000000001,
          "brier_score": 0.2299919392523245,
          "best_f1": 0.9178356708426872,
          "fixed_f1_at_0p5": 0.5632183908045977
        }
      },
      {
        "seed": 1729,
        "train_seconds": 9.324562072753906,
        "test": {
          "pr_auc": 0.8390821624889448,
          "roc_auc": 0.9907362848893166,
          "brier_score": 0.00984627938980029,
          "best_f1": 0.7666666661666667,
          "fixed_f1_at_0p5": 0.7169811320754716
        },
        "bench": {
          "pr_auc": 0.9731032382267742,
          "roc_auc": 0.9697760000000001,
          "brier_score": 0.2299919392523245,
          "best_f1": 0.9178356708426872,
          "fixed_f1_at_0p5": 0.5632183908045977
        }
      }
    ],
    "stochastic": [
      {
        "seed": 2026,
        "train_seconds": 8.236557960510254,
        "test": {
          "pr_auc": 0.8299513753984735,
          "roc_auc": 0.9915944818735964,
          "brier_score": 0.010437256695009809,
          "best_f1": 0.749999999502551,
          "fixed_f1_at_0p5": 0.7047619047619048
        },
        "bench": {
          "pr_auc": 0.9734632404010879,
          "roc_auc": 0.9685520000000001,
          "brier_score": 0.23557030646935379,
          "best_f1": 0.9206963244521846,
          "fixed_f1_at_0p5": 0.48484848484848486
        }
      },
      {
        "seed": 8472,
        "train_seconds": 8.100049257278442,
        "test": {
          "pr_auc": 0.8300238713932989,
          "roc_auc": 0.9908966955405839,
          "brier_score": 0.010293912362216938,
          "best_f1": 0.7521367516370808,
          "fixed_f1_at_0p5": 0.7169811320754716
        },
        "bench": {
          "pr_auc": 0.9720442304301606,
          "roc_auc": 0.9677119999999999,
          "brier_score": 0.2308420316406168,
          "best_f1": 0.9203883490149872,
          "fixed_f1_at_0p5": 0.5294117647058824
        }
      },
      {
        "seed": 31337,
        "train_seconds": 8.15145206451416,
        "test": {
          "pr_auc": 0.8364262733983451,
          "roc_auc": 0.9919112929098493,
          "brier_score": 0.01028580595521252,
          "best_f1": 0.7457627113645504,
          "fixed_f1_at_0p5": 0.7115384615384616
        },
        "bench": {
          "pr_auc": 0.9740007027340535,
          "roc_auc": 0.970208,
          "brier_score": 0.2373916486007414,
          "best_f1": 0.9251439534355531,
          "fixed_f1_at_0p5": 0.4709480122324159
        }
      },
      {
        "seed": 42,
        "train_seconds": 8.423483610153198,
        "test": {
          "pr_auc": 0.8334653518045426,
          "roc_auc": 0.9919554058389477,
          "brier_score": 0.010353225225321816,
          "best_f1": 0.7478260864574668,
          "fixed_f1_at_0p5": 0.7289719626168224
        },
        "bench": {
          "pr_auc": 0.9738054488621287,
          "roc_auc": 0.9693999999999998,
          "brier_score": 0.23957376018702828,
          "best_f1": 0.9158512715158873,
          "fixed_f1_at_0p5": 0.48484848484848486
        }
      },
      {
        "seed": 1729,
        "train_seconds": 8.572385311126709,
        "test": {
          "pr_auc": 0.8327193319164619,
          "roc_auc": 0.9917709335899904,
          "brier_score": 0.01029542960769216,
          "best_f1": 0.7521367516370808,
          "fixed_f1_at_0p5": 0.7184466019417476
        },
        "bench": {
          "pr_auc": 0.9736672951729016,
          "roc_auc": 0.9694,
          "brier_score": 0.23327114697051637,
          "best_f1": 0.9210019262829438,
          "fixed_f1_at_0p5": 0.4567901234567901
        }
      }
    ]
  },
  "aggregates": {
    "deterministic": {
      "test": {
        "pr_auc": {
          "mean": 0.8390821624889447,
          "std": 1.2412670766236366e-16,
          "min": 0.8390821624889448,
          "max": 0.8390821624889448,
          "n_seeds": 5
        },
        "roc_auc": {
          "mean": 0.9907362848893166,
          "std": 0.0,
          "min": 0.9907362848893166,
          "max": 0.9907362848893166,
          "n_seeds": 5
        },
        "brier_score": {
          "mean": 0.00984627938980029,
          "std": 0.0,
          "min": 0.00984627938980029,
          "max": 0.00984627938980029,
          "n_seeds": 5
        },
        "best_f1": {
          "mean": 0.7666666661666667,
          "std": 0.0,
          "min": 0.7666666661666667,
          "max": 0.7666666661666667,
          "n_seeds": 5
        },
        "fixed_f1_at_0p5": {
          "mean": 0.7169811320754716,
          "std": 0.0,
          "min": 0.7169811320754716,
          "max": 0.7169811320754716,
          "n_seeds": 5
        }
      },
      "bench": {
        "pr_auc": {
          "mean": 0.9731032382267741,
          "std": 1.2412670766236366e-16,
          "min": 0.9731032382267742,
          "max": 0.9731032382267742,
          "n_seeds": 5
        },
        "roc_auc": {
          "mean": 0.9697760000000001,
          "std": 0.0,
          "min": 0.9697760000000001,
          "max": 0.9697760000000001,
          "n_seeds": 5
        },
        "brier_score": {
          "mean": 0.2299919392523245,
          "std": 0.0,
          "min": 0.2299919392523245,