{
  "constructed_share_v0p9": {
    "label": "constructed_share_v0p9",
    "n_predictions": 82,
    "n_manifest": 82,
    "n_not_in_manifest": 0,
    "stage1_path_classifier_metrics": {
      "tp": 8,
      "fp": 7,
      "fn": 15,
      "precision": 0.5333333333333333,
      "recall": 0.34782608695652173,
      "f1": 0.4210526315789474
    },
    "stage2_content_classifier_metrics": {
      "tp": 2,
      "fp": 0,
      "fn": 17,
      "precision": 1.0,
      "recall": 0.10526315789473684,
      "f1": 0.1904761904761905
    },
    "end_to_end_metrics": {
      "tp": 2,
      "fp": 0,
      "fn": 17,
      "precision": 1.0,
      "recall": 0.10526315789473684,
      "f1": 0.1904761904761905
    }
  },
  "constructed_share_full": {
    "label": "constructed_share_full",
    "n_predictions": 1117,
    "n_manifest": 1095,
    "n_not_in_manifest": 0,
    "stage1_path_classifier_metrics": {
      "tp": 58,
      "fp": 119,
      "fn": 133,
      "precision": 0.327683615819209,
      "recall": 0.3036649214659686,
      "f1": 0.31521739130434784
    },
    "stage2_content_classifier_metrics": {
      "tp": 14,
      "fp": 1,
      "fn": 140,
      "precision": 0.9333333333333333,
      "recall": 0.09090909090909091,
      "f1": 0.16568047337278108
    },
    "end_to_end_metrics": {
      "tp": 14,
      "fp": 1,
      "fn": 140,
      "precision": 0.9333333333333333,
      "recall": 0.09090909090909091,
      "f1": 0.16568047337278108
    }
  },
  "constructed_share_v0p6": {
    "label": "constructed_share_v0p6",
    "n_predictions": 1117,
    "n_manifest": 1095,
    "n_not_in_manifest": 0,
    "stage1_path_classifier_metrics": {
      "tp": 58,
      "fp": 119,
      "fn": 133,
      "precision": 0.327683615819209,
      "recall": 0.3036649214659686,
      "f1": 0.31521739130434784
    },
    "stage2_content_classifier_metrics": {
      "tp": 37,
      "fp": 0,
      "fn": 117,
      "precision": 1.0,
      "recall": 0.24025974025974026,
      "f1": 0.387434554973822
    },
    "end_to_end_metrics": {
      "tp": 37,
      "fp": 0,
      "fn": 117,
      "precision": 1.0,
      "recall": 0.24025974025974026,
      "f1": 0.387434554973822
    },
    "content_model_dir": "models/content_classifier_v0p6_docx_salted"
  },
  "constructed_share_v0p2_linux_v0p6_content": {
    "label": "constructed_share_v0p2_linux_v0p6_content",
    "n_predictions": 1117,
    "n_manifest": 1095,
    "n_not_in_manifest": 0,
    "stage1_path_classifier_metrics": {
      "tp": 18,
      "fp": 2,
      "fn": 173,
      "precision": 0.9,
      "recall": 0.09424083769633508,
      "f1": 0.17061611374407584
    },
    "stage2_content_classifier_metrics": {
      "tp": 11,
      "fp": 0,
      "fn": 143,
      "precision": 1.0,
      "recall": 0.07142857142857142,
      "f1": 0.13333333333333333
    },
    "end_to_end_metrics": {
      "tp": 11,
      "fp": 0,
      "fn": 143,
      "precision": 1.0,
      "recall": 0.07142857142857142,
      "f1": 0.13333333333333333
    }
  },
  "constructed_share_v2_v0p1_v0p6": {
    "label": "constructed_share_v2_v0p1_v0p6",
    "n_predictions": 199,
    "n_manifest": 199,
    "n_not_in_manifest": 0,
    "stage1_path_classifier_metrics": {
      "tp": 11,
      "fp": 26,
      "fn": 14,
      "precision": 0.2972972972972973,
      "recall": 0.44,
      "f1": 0.3548387096774193
    },
    "stage2_content_classifier_metrics": {
      "tp": 7,
      "fp": 0,
      "fn": 18,
      "precision": 1.0,
      "recall": 0.28,
      "f1": 0.43750000000000006
    },
    "end_to_end_metrics": {
      "tp": 7,
      "fp": 0,
      "fn": 18,
      "precision": 1.0,
      "recall": 0.28,
      "f1": 0.43750000000000006
    }
  },
  "constructed_share_v2_v0p2_v0p6": {
    "label": "constructed_share_v2_v0p2_v0p6",
    "n_predictions": 199,
    "n_manifest": 199,
    "n_not_in_manifest": 0,
    "stage1_path_classifier_metrics": {
      "tp": 3,
      "fp": 1,
      "fn": 22,
      "precision": 0.75,
      "recall": 0.12,
      "f1": 0.20689655172413793
    },
    "stage2_content_classifier_metrics": {
      "tp": 3,
      "fp": 0,
      "fn": 22,
      "precision": 1.0,
      "recall": 0.12,
      "f1": 0.21428571428571425
    },
    "end_to_end_metrics": {
      "tp": 3,
      "fp": 0,
      "fn": 22,
      "precision": 1.0,
      "recall": 0.12,
      "f1": 0.21428571428571425
    }
  }
}